ID,Isolate,Locus Tag,GenBank_acc,ENA_acc
B61 (SAMN38153990),B61,IOALII_00427,SAMN38153990,ERR12178171
DKPB002 (SAMN46703077),DKPB002,LKDEDD_02122,SAMN46703077,ERR14151967
DKPB003 (SAMN44398954),DKPB003,JNDKDO_02098,SAMN44398954,ERR13866882
DKPR004 (SAMN44398952),DKPR004,DAAAGG_00567,SAMN44398952,ERR13866884
DKPU005 (SAMN46703041),DKPU005,CMLFIH_01605,SAMN46703041,ERR14152105
DKPU016 (SAMN46703064),DKPU016,OLFPGJ_00873,SAMN46703064,ERR14152078
DKPU020 (SAMN46702988),DKPU020,HKEBJI_00649,SAMN46702988,ERR14152167
DKPU025 (SAMN46703043),DKPU025,OCMIEP_01775,SAMN46703043,ERR14152102
DKPU040 (SAMN46703045),DKPU040,ADNGAF_00683,SAMN46703045,ERR14152100
DKPU051 (SAMN46703059),DKPU051,HDEGNG_02202,SAMN46703059,ERR14152086
DKPU052 (SAMN44398968),DKPU052,INGLBC_00649,SAMN44398968,ERR13866859
DKPU107 (SAMN46703050),DKPU107,CDJIGJ_01814,SAMN46703050,ERR14152095
DKPU111 (SAMN46702944),DKPU111,OGGMOH_00560,SAMN46702944,ERR14152218
ERR3890998 (SAMEA6531261),ERR3890998,DDKIEA_00566,SAMEA6531261,ERR3890998
ERR3891001 (SAMEA6531264),ERR3891001,PGPAEE_04046,SAMEA6531264,ERR3891001
ERR3891006 (SAMEA6531269),ERR3891006,AGNHGO_04085,SAMEA6531269,ERR3891006
ERR3891010 (SAMEA6531273),ERR3891010,OBHCLM_00794,SAMEA6531273,ERR3891010
ERR3891011 (SAMEA6531274),ERR3891011,JDNBPL_04011,SAMEA6531274,ERR3891011
ERR3891013 (SAMEA6531276),ERR3891013,HAFOIK_01014,SAMEA6531276,ERR3891013
ERR3891015 (SAMEA6531278),ERR3891015,AODPHH_01346,SAMEA6531278,ERR3891015
ERR3891019 (SAMEA6531282),ERR3891019,ODPEKF_00003,SAMEA6531282,ERR3891019
ERR3891020 (SAMEA6531283),ERR3891020,GNGMAF_00606,SAMEA6531283,ERR3891020
ERR3891022 (SAMEA6531285),ERR3891022,OFAHDG_01794,SAMEA6531285,ERR3891022
ERR3891030 (SAMEA6531293),ERR3891030,HKHPJE_03986,SAMEA6531293,ERR3891030
ERR3891037 (SAMEA6531300),ERR3891037,CBIADO_00004,SAMEA6531300,ERR3891037
ERR3891045 (SAMEA6531308),ERR3891045,OHNNBO_03356,SAMEA6531308,ERR3891045
ERR3891056 (SAMEA6531319),ERR3891056,NDNBBE_00943,SAMEA6531319,ERR3891056
ERR3891065 (SAMEA6531328),ERR3891065,KADONA_01098,SAMEA6531328,ERR3891065
ERR3891077 (SAMEA6531340),ERR3891077,HOKJBF_03752,SAMEA6531340,ERR3891077
ERR3891081 (SAMEA6531344),ERR3891081,JPCCLK_03890,SAMEA6531344,ERR3891081
ERR3891082 (SAMEA6531345),ERR3891082,OLMGHB_02498,SAMEA6531345,ERR3891082
ERR3891083 (SAMEA6531346),ERR3891083,DFNOCN_03087,SAMEA6531346,ERR3891083
ERR3891084 (SAMEA6531347),ERR3891084,HCFPNG_00579,SAMEA6531347,ERR3891084
ERR3891098 (SAMEA6531361),ERR3891098,CADPCL_04866,SAMEA6531361,ERR3891098
ERR3891106 (SAMEA6531369),ERR3891106,KBICAC_02601,SAMEA6531369,ERR3891106
ERR3891107 (SAMEA6531370),ERR3891107,CAGGGC_01591,SAMEA6531370,ERR3891107
ERR3891110 (SAMEA6531373),ERR3891110,JAHEMI_02299,SAMEA6531373,ERR3891110
ERR3891114 (SAMEA6531377),ERR3891114,GCGIMM_00675,SAMEA6531377,ERR3891114
ERR3891125 (SAMEA6531388),ERR3891125,KLHGFA_04588,SAMEA6531388,ERR3891125
ERR3891130 (SAMEA6531393),ERR3891130,GMPADI_00428,SAMEA6531393,ERR3891130
ERR3891132 (SAMEA6531395),ERR3891132,GKFLOB_00601,SAMEA6531395,ERR3891132
ERR3891135 (SAMEA6531398),ERR3891135,BJDOHI_04353,SAMEA6531398,ERR3891135
ERR3891137 (SAMEA6531400),ERR3891137,FOLFJP_01259,SAMEA6531400,ERR3891137
ERR3891140 (SAMEA6531403),ERR3891140,AKDJBA_02095,SAMEA6531403,ERR3891140
ERR3891143 (SAMEA6531406),ERR3891143,BHIGBB_01409,SAMEA6531406,ERR3891143
ERR3891150 (SAMEA6531413),ERR3891150,JDPIMC_00061,SAMEA6531413,ERR3891150
ERR3891153 (SAMEA6531416),ERR3891153,KJMAOL_03880,SAMEA6531416,ERR3891153
ERR3891161 (SAMEA6531425),ERR3891161,MOBGME_01005,SAMEA6531425,ERR3891161
ERR3891162 (SAMEA6531426),ERR3891162,ALFLPL_01003,SAMEA6531426,ERR3891162
ERR3891164 (SAMEA6531428),ERR3891164,ODFNDI_04104,SAMEA6531428,ERR3891164
ERR3891166 (SAMEA6531430),ERR3891166,FBOANK_04028,SAMEA6531430,ERR3891166
ERR3891167 (SAMEA6531431),ERR3891167,FJCBGI_02301,SAMEA6531431,ERR3891167
ERR3891168 (SAMEA6531432),ERR3891168,OCPCPM_04288,SAMEA6531432,ERR3891168
ERR3891169 (SAMEA6531433),ERR3891169,OKBCGN_02791,SAMEA6531433,ERR3891169
ERR3891170 (SAMEA6531434),ERR3891170,KLDHIO_01521,SAMEA6531434,ERR3891170
ERR3891171 (SAMEA6531435),ERR3891171,DAMCIL_01876,SAMEA6531435,ERR3891171
ERR3891174 (SAMEA6531438),ERR3891174,BMICPL_00510,SAMEA6531438,ERR3891174
ERR3891178 (SAMEA6531442),ERR3891178,FNDHJP_01149,SAMEA6531442,ERR3891178
ERR3891179 (SAMEA6531443),ERR3891179,PHLMJN_03648,SAMEA6531443,ERR3891179
ERR3891180 (SAMEA6531444),ERR3891180,BJGAED_01021,SAMEA6531444,ERR3891180
ERR3891190 (SAMEA6531454),ERR3891190,CBJMKO_04572,SAMEA6531454,ERR3891190
ERR3891191 (SAMEA6531455),ERR3891191,IGPACD_01080,SAMEA6531455,ERR3891191
ERR3891197 (SAMEA6531461),ERR3891197,AIGBPK_00293,SAMEA6531461,ERR3891197
ERR3891198 (SAMEA6531462),ERR3891198,AKKGMD_00377,SAMEA6531462,ERR3891198
ERR3891201 (SAMEA6531465),ERR3891201,MHALEP_02408,SAMEA6531465,ERR3891201
ERR3891203 (SAMEA6531467),ERR3891203,HJBPDL_04501,SAMEA6531467,ERR3891203
ERR3891205 (SAMEA6531469),ERR3891205,ELKLOE_04531,SAMEA6531469,ERR3891205
ERR3891223 (SAMEA6531487),ERR3891223,IBACHL_01422,SAMEA6531487,ERR3891223
ERR3891227 (SAMEA6531491),ERR3891227,OINPAF_02113,SAMEA6531491,ERR3891227
G3 (SAMN38153991),G3,DMBPHO_04249,SAMN38153991,ERR12178257
GR-50 (SAMN38153992),GR-50,LAONDB_02568,SAMN38153992,ERR12178232
HA-107 (SAMN39649362),HA-107,JOJPIC_00569,SAMN39649362,ERR12528927
HA127 (NA),HA127,GHAKAC_01146,,
HA-138 (SAMN38154002),HA-138,ODOMEF_01829,SAMN38154002,ERR12178197
HA70 (NA),HA70,KOLOPD_00453,,
HA94 (NA),HA94,PIDFDA_02566,,
HKPB002 (SAMN44398970),HKPB002,CGEJJF_00209,SAMN44398970,ERR13866858
HKPB005 (SAMN44398856),HKPB005,JDDCDE_00208,SAMN44398856,ERR13866980
HKPB007 (SAMN41567238),HKPB007,HHIBKO_03121,SAMN41567238,ERR13168108
HKPB016 (SAMN44398859),HKPB016,OPLIKC_01441,SAMN44398859,ERR13866978
HKPB017 (SAMN44398847),HKPB017,EFCGHL_00171,SAMN44398847,ERR13866989
HKPB052 (SAMN44398790),HKPB052,DDILAE_00782,SAMN44398790,ERR13867045
HKPB059 (SAMN41567314),HKPB059,LPNEBK_01244,SAMN41567314,ERR13168041
HKPB100 (SAMN41567240),HKPB100,PELCNH_00572,SAMN41567240,ERR13168137
HKPB103 (SAMN41567243),HKPB103,EPLEKK_00505,SAMN41567243,ERR13170891
HKPB104 (SAMN41567244),HKPB104,BHHOHI_00071,SAMN41567244,ERR13168140
HKPB105 (SAMN41567245),HKPB105,HJKPPD_02448,SAMN41567245,ERR13168107
HKPB202 (SAMN41567248),HKPB202,IMEKEA_04291,SAMN41567248,ERR13168079
HKPB203 (SAMN41567249),HKPB203,OBCBFF_03267,SAMN41567249,ERR13170890
HKPB204 (SAMN41567250),HKPB204,JBLHOI_00713,SAMN41567250,ERR13170940
HKPB207 (SAMN41567253),HKPB207,DAEEFO_01520,SAMN41567253,ERR13168084
HKPB208 (SAMN41567254),HKPB208,FDIPJJ_00312,SAMN41567254,ERR13170876
HKPB211 (SAMN41567257),HKPB211,MLLALH_01204,SAMN41567257,ERR13168078
HKPB212 (SAMN41567258),HKPB212,EDPCMF_00002,SAMN41567258,ERR13168116
HKPB213 (SAMN41567259),HKPB213,IKJIHP_01363,SAMN41567259,ERR13170878
HKPB219 (SAMN41567265),HKPB219,HDGBHF_00367,SAMN41567265,ERR13168120
HKPB220 (SAMN41567266),HKPB220,JOJEAK_00571,SAMN41567266,ERR13170942
HKPB221 (SAMN41567267),HKPB221,HPFMFF_00518,SAMN41567267,ERR13168113
HKPB222 (SAMN41567268),HKPB222,PGGMAM_00368,SAMN41567268,ERR13170911
HKPB301 (SAMN41567270),HKPB301,ENMMHP_02599,SAMN41567270,ERR13170873
HKPB303 (SAMN41567271),HKPB303,MFNNJO_00565,SAMN41567271,ERR13168076
HKPB304 (SAMN41567272),HKPB304,GFGECL_00971,SAMN41567272,ERR13168083
HKPB401 (SAMN41567276),HKPB401,AAAOAO_02894,SAMN41567276,ERR13169963
HKPB406 (SAMN41567280),HKPB406,DGJPEF_03851,SAMN41567280,ERR13168064
HKPB410 (SAMN41567284),HKPB410,BGLIBH_02246,SAMN41567284,ERR13168097
HKPB412 (SAMN41567286),HKPB412,AKNBFK_00754,SAMN41567286,ERR13168061
HKPB413 (SAMN41567287),HKPB413,AKHACG_01598,SAMN41567287,ERR13168099
HKPB415 (SAMN41567289),HKPB415,IHLABP_01978,SAMN41567289,ERR13168060
HKPB503 (SAMN41567292),HKPB503,BJPCLK_03485,SAMN41567292,ERR13169959
HKPB504 (SAMN41567293),HKPB504,IJGIIE_02869,SAMN41567293,ERR13168069
HKPB505 (SAMN41567294),HKPB505,KIAICB_00115,SAMN41567294,ERR13168058
HKPB506 (SAMN41567295),HKPB506,OHDPGO_00318,SAMN41567295,ERR13168059
HKPB507 (SAMN41567296),HKPB507,GPHNDN_00774,SAMN41567296,ERR13169957
HKPB511 (SAMN41567300),HKPB511,CPBDLF_02101,SAMN41567300,ERR13171150
HKPB514 (SAMN41567303),HKPB514,AHDEBB_01925,SAMN41567303,ERR13168025
HKPB517 (SAMN41567305),HKPB517,AKOKEA_00074,SAMN41567305,ERR13168036
HKPB518 (SAMN41567306),HKPB518,GLJCHK_01669,SAMN41567306,ERR13168153
HKPR001 (SAMN46703076),HKPR001,LPKFHA_04181,SAMN46703076,ERR14152064
HKPR002 (SAMN44398953),HKPR002,LAPLCN_01334,SAMN44398953,ERR13866883
HKPR003 (SAMN44398808),HKPR003,EIEEKB_00570,SAMN44398808,ERR13867028
HKPR009 (SAMN44398896),HKPR009,FAKLHA_00199,SAMN44398896,ERR13866940
HKPR011 (SAMN44398902),HKPR011,FHIBEA_03989,SAMN44398902,ERR13866934
HKPR012 (SAMN46703068),HKPR012,IALNNL_00862,SAMN46703068,ERR14152075
HKPR014 (SAMN44398980),HKPR014,GBKDMJ_03796,SAMN44398980,ERR13866845
HKPR019 (SAMN44398888),HKPR019,INACIO_00760,SAMN44398888,ERR13866948
HKPR022 (SAMN44398805),HKPR022,HNNJKB_03266,SAMN44398805,ERR13867032
HKPR023 (SAMN44398986),HKPR023,HLICBA_00321,SAMN44398986,ERR13866839
HKPR024 (SAMN44398798),HKPR024,NDBJJL_02613,SAMN44398798,ERR13867038
HKPU017 (SAMN46703055),HKPU017,HBDDAI_01595,SAMN46703055,ERR14152090
HKPU022 (SAMN44398797),HKPU022,MODCAO_00319,SAMN44398797,ERR13867039
HKPU026 (SAMN46702986),HKPU026,JOONEE_01750,SAMN46702986,ERR14152169
HKPU028 (SAMN44398882),HKPU028,HHPFEF_01038,SAMN44398882,ERR13866955
HKPU030 (SAMN46703054),HKPU030,PJDFNO_04086,SAMN46703054,ERR14152091
HKPU035 (SAMN46703042),HKPU035,KOKMJF_00144,SAMN46703042,ERR14152103
HKPU080 (SAMN46703061),HKPU080,DCLHOL_01459,SAMN46703061,ERR14152085
HKPU101 (SAMN46703046),HKPU101,KKPKBI_01616,SAMN46703046,ERR14152099
HKPU103 (SAMN44398884),HKPU103,BAOMKN_00542,SAMN44398884,ERR13866952
HKPU105 (SAMN44398898),HKPU105,JJMCMH_00314,SAMN44398898,ERR13866938
HKPU107 (SAMN46703011),HKPU107,OEDMKL_00566,SAMN46703011,ERR14152141
HKPU111 (SAMN44398799),HKPU111,NIBOGP_01444,SAMN44398799,ERR13867037
J100 (SAMN38154003),J100,KKAKDE_02137,SAMN38154003,ERR12178146
J13 (SAMN39649369),J13,DNHBCD_04749,SAMN39649369,ERR12528982
J140 (SAMN39649371),J140,FFICNO_02214,SAMN39649371,ERR12528916
J151 (SAMN39649372),J151,AGKIHM_04134,SAMN39649372,ERR12528922
J181 (SAMN38154004),J181,AFINKD_01699,SAMN38154004,ERR12178252
J220 (SAMN38154006),J220,IAGOJA_05220,SAMN38154006,ERR12178224
J22 (SAMN39649374),J22,CLPGMP_04287,SAMN39649374,ERR12529004
J235 (SAMN38154007),J235,MHHLFH_01759,SAMN38154007,ERR12178180
J238 (SAMN38154008),J238,DGJCFL_01842,SAMN38154008,ERR12178183
J242 (SAMN38154009),J242,AGOJAC_01515,SAMN38154009,ERR12178128
J245 (SAMN39649375),J245,DJFLPC_01091,SAMN39649375,ERR12529055
J261 (SAMN39649376),J261,BEDCAP_01757,SAMN39649376,ERR12528913
J268 (SAMN38154011),J268,DIKCCI_01759,SAMN38154011,ERR12178196
J270 (SAMN39649379),J270,GLLGKL_00598,SAMN39649379,ERR12528968
J27 (SAMN39649378),J27,HJJCLO_04211,SAMN39649378,ERR12528937
J333 (SAMN38154013),J333,OOEBEH_01472,SAMN38154013,ERR12178235
J377 (SAMN38154014),J377,LMNDGB_04307,SAMN38154014,ERR12178226
J461 (SAMN38154015),J461,HALDPC_01760,SAMN38154015,ERR12178234
J48 (SAMN39649383),J48,DMAKOE_05200,SAMN39649383,ERR12528978
J52 (SAMN39649386),J52,CBEBCP_05215,SAMN39649386,ERR12528896
J537 (SAMN38154016),J537,NMOLLK_01825,SAMN38154016,ERR12178155
J54 (SAMN38154017),J54,JOKAFP_00660,SAMN38154017,ERR12178206
J550 (SAMN39649387),J550,PCBOBF_01086,SAMN39649387,ERR12528985
J57 (SAMN38154019),J57,HJBECB_01087,SAMN38154019,ERR12178540
J60 (SAMN39649389),J60,FJJCDF_05128,SAMN39649389,ERR12528890
J61 (SAMN39649390),J61,JEMODL_04424,SAMN39649390,ERR12528983
J628 (SAMN38154023),J628,JNNHDB_05152,SAMN38154023,ERR12178261
J62 (SAMN38154022),J62,LLHHOB_00662,SAMN38154022,ERR12178124
J654 (SAMN38154024),J654,KFMIFO_01179,SAMN38154024,ERR12178145
J666 (SAMN38154025),J666,DCIDJE_01844,SAMN38154025,ERR12178188
J685 (SAMN38154026),J685,OMJFMN_04371,SAMN38154026,ERR12178223
J693 (SAMN38154027),J693,OPDGHC_01301,SAMN38154027,ERR12178212
J70 (SAMN38154028),J70,CJLDCE_05219,SAMN38154028,ERR12178190
J712 (SAMN38154029),J712,DCJKFP_00921,SAMN38154029,ERR12205218
J727 (SAMN38154030),J727,NFMAOJ_04371,SAMN38154030,ERR12178283
J738 (SAMN38154031),J738,ECKICF_04187,SAMN38154031,ERR12178240
J76 (SAMN38154032),J76,PINNDL_04079,SAMN38154032,ERR12178231
J774 (SAMN38154033),J774,CLIMDO_04340,SAMN38154033,ERR12178266
J791 (SAMN38154035),J791,CLIODA_05141,SAMN38154035,ERR12178207
J814 (SAMN38154036),J814,OEBOCH_01760,SAMN38154036,ERR12178267
J818 (SAMN38154037),J818,EFOFBM_01059,SAMN38154037,ERR12178278
J819 (SAMN38154038),J819,HJOBLI_04370,SAMN38154038,ERR12178229
J841 (SAMN39649395),J841,PMAGME_00814,SAMN39649395,ERR12528880
J876 (SAMN39649396),J876,HLEBPB_01842,SAMN39649396,ERR12528920
J878 (SAMN39649397),J878,KLCNFM_01542,SAMN39649397,ERR12528910
J87 (SAMN38154039),J87,HENFME_01279,SAMN38154039,ERR12178241
J890 (SAMN39649398),J890,OJMKFP_03824,SAMN39649398,ERR12528914
J907 (SAMN39649399),J907,DJNHHA_05157,SAMN39649399,ERR12528984
J911 (SAMN39649400),J911,DBPOBP_01487,SAMN39649400,ERR12528980
JKPB513 (SAMN41567323),JKPB513,CPNNOB_00556,SAMN41567323,ERR13167963
JKPB514 (SAMN41567324),JKPB514,PBCGNH_00311,SAMN41567324,ERR13170913
JKPB517 (SAMN41567325),JKPB517,LEEKHI_01607,SAMN41567325,ERR13168003
JKPB519 (SAMN41567327),JKPB519,GFBMPE_02158,SAMN41567327,ERR13167966
JKPB520 (SAMN41567328),JKPB520,ENDKDN_04004,SAMN41567328,ERR13168004
JKPB525 (SAMN41567331),JKPB525,IABOEP_00547,SAMN41567331,ERR13168138
JKPB527 (SAMN41567333),JKPB527,BBNJKE_00565,SAMN41567333,ERR13168008
JKPB528 (SAMN41567334),JKPB528,CHPDPH_01009,SAMN41567334,ERR13168139
JKPB529 (SAMN41567335),JKPB529,JMDHMI_00980,SAMN41567335,ERR13168135
JKPB532 (SAMN41567338),JKPB532,KLAOGK_04606,SAMN41567338,ERR13168031
JKPB537 (SAMN41567341),JKPB537,JJOKJC_03352,SAMN41567341,ERR13167944
JKPB538 (SAMN41567342),JKPB538,ODOFDD_01266,SAMN41567342,ERR13168114
JKPB540 (SAMN41567344),JKPB540,JPDIIM_04643,SAMN41567344,ERR13167949
JKPB541 (SAMN41567345),JKPB541,MPJPHM_03976,SAMN41567345,ERR13168039
JKPB546 (SAMN41567348),JKPB546,AJCCNP_01178,SAMN41567348,ERR13168018
JKPB547 (SAMN41567349),JKPB547,KGKLCL_01197,SAMN41567349,ERR13168121
JKPB549 (SAMN41567351),JKPB549,BPFEMB_01060,SAMN41567351,ERR13170880
JKPB552 (SAMN41567354),JKPB552,PMDMFG_02545,SAMN41567354,ERR13167918
JKPB553 (SAMN41567355),JKPB553,FEJJMH_01139,SAMN41567355,ERR13167923
JKPB601 (SAMN41567358),JKPB601,MCIMKO_02693,SAMN41567358,ERR13167919
JKPB604 (SAMN41567361),JKPB604,HDFPLP_00841,SAMN41567361,ERR13167916
JKPB606 (SAMN41567363),JKPB606,JIBNFA_02193,SAMN41567363,ERR13168156
JKPB607 (SAMN41567364),JKPB607,JNNDFB_02692,SAMN41567364,ERR13168053
JKPB608 (SAMN41567365),JKPB608,DBAIJK_01666,SAMN41567365,ERR13168066
JKPB610 (SAMN41567366),JKPB610,NMEKAE_01256,SAMN41567366,ERR13168050
JKPB612 (SAMN41567368),JKPB612,HOGNMP_01383,SAMN41567368,ERR13170883
JKPB619 (SAMN44398874),JKPB619,IDKMJD_00780,SAMN44398874,ERR13866962
JKPB629 (SAMN44398801),JKPB629,BGLGJD_04132,SAMN44398801,ERR13867035
JKPB651 (SAMN46703005),JKPB651,EHDJJM_00283,SAMN46703005,ERR14152150
JKPB653 (SAMN46703003),JKPB653,AGLHFP_04324,SAMN46703003,ERR14152152
JKPB671 (SAMN46703049),JKPB671,OFJDHJ_00556,SAMN46703049,ERR14152096
JKPB672 (SAMN46703047),JKPB672,GEJOGM_00885,SAMN46703047,ERR14152098
JKPB676 (SAMN46702987),JKPB676,EAJINA_00568,SAMN46702987,ERR14152168
JKPB683 (SAMN46703070),JKPB683,OKJOCE_00004,SAMN46703070,ERR14152072
JZ17 (SAMN39649401),JZ17,JLNBCK_02250,SAMN39649401,ERR12528979
JZ19 (SAMN38154040),JZ19,IFEFIP_05195,SAMN38154040,ERR12178177
JZ20 (SAMN38154041),JZ20,BPJLAO_02467,SAMN38154041,ERR12178137
JZ21 (SAMN38154042),JZ21,AEDCGJ_02875,SAMN38154042,ERR12178230
JZ25 (SAMN38154043),JZ25,KAOBHP_04528,SAMN38154043,ERR12178172
JZ33 (SAMN38154044),JZ33,CCNNKA_02829,SAMN38154044,ERR12178143
JZ36 (SAMN38154045),JZ36,OJIEIO_04168,SAMN38154045,ERR12178198
JZ37 (SAMN38154046),JZ37,KNOGBA_04229,SAMN38154046,ERR12178236
JZ42 (SAMN38154047),JZ42,MMJGAO_05140,SAMN38154047,ERR12178277
JZ56 (SAMN38154048),JZ56,BKIDFI_05191,SAMN38154048,ERR12178237
JZ69 (SAMN38154050),JZ69,NPIKEM_01275,SAMN38154050,ERR12178157
JZ82 (SAMN38154052),JZ82,BFOPDO_04170,SAMN38154052,ERR12178264
KP003 (SAMEA114126168),KP003,OEPNMN_00565,SAMEA114126168,ERR11752401
KP004 (SAMEA114126169),KP004,BENGLD_00513,SAMEA114126169,ERR11752396
KP005 (SAMEA114126170),KP005,ECBBIJ_02810,SAMEA114126170,ERR11752392
KP006 (SAMEA114126171),KP006,AECLJF_01271,SAMEA114126171,ERR11752398
KP008 (SAMEA114126173),KP008,DGOGMA_05217,SAMEA114126173,ERR11752399
KP011 (SAMEA114126176),KP011,HEJGPH_00813,SAMEA114126176,ERR11752389
KP014 (SAMEA114126178),KP014,IJBONG_00585,SAMEA114126178,ERR11752334
KP017 (SAMEA114126180),KP017,MFOEIG_04394,SAMEA114126180,ERR11752380
KP020 (SAMEA114126182),KP020,IHPIOG_01684,SAMEA114126182,ERR11752382
KP021 (SAMEA114126183),KP021,AGIIBA_01311,SAMEA114126183,ERR11752400
KP022 (SAMEA114126184),KP022,DIDBEO_01133,SAMEA114126184,ERR11752403
KP023 (SAMEA114126185),KP023,IEDHCJ_00900,SAMEA114126185,ERR11752393
KP02_S (SAMEA114126239),KP02_S,AMCKON_01826,SAMEA114126239,ERR11752357
KP034 (SAMEA114126191),KP034,AEAFNF_05279,SAMEA114126191,ERR11752372
KP035 (SAMEA114126192),KP035,MHMMMN_01114,SAMEA114126192,ERR11752402
KP036 (SAMEA114126193),KP036,MEHHCG_00574,SAMEA114126193,ERR11752395
KP041 (SAMEA114126197),KP041,MHJDBI_00920,SAMEA114126197,ERR11752352
KP045 (SAMEA114126201),KP045,FLICKK_04279,SAMEA114126201,ERR11752309
KP04_S (SAMEA114126241),KP04_S,CLICPJ_00103,SAMEA114126241,ERR11752350
KP051 (SAMEA114126205),KP051,DPDBCN_00798,SAMEA114126205,ERR11752310
KP058 (SAMEA114126209),KP058,FEOBHK_00523,SAMEA114126209,ERR11752313
KP059 (SAMEA114126210),KP059,HKADCN_05199,SAMEA114126210,ERR11752307
KP062 (SAMEA114126212),KP062,GIIPOF_00599,SAMEA114126212,ERR11752340
KP064 (SAMEA114126214),KP064,PIHNGD_00314,SAMEA114126214,ERR11752355
KP066 (SAMEA114126216),KP066,JMFODK_05093,SAMEA114126216,ERR11752368
KP068 (SAMEA114126218),KP068,FCODPA_00790,SAMEA114126218,ERR11752371
KP072 (SAMEA114126221),KP072,KFLOCP_03906,SAMEA114126221,ERR11752358
KP078 (SAMEA114126225),KP078,KHLEGM_03362,SAMEA114126225,ERR11752374
KP079 (SAMEA114126226),KP079,BLLCMD_00940,SAMEA114126226,ERR11752308
KP080 (SAMEA114126227),KP080,KBNDAE_04681,SAMEA114126227,ERR11752397
KP089 (SAMEA114126232),KP089,EEOOCJ_02886,SAMEA114126232,ERR11752348
KP091 (SAMEA114126233),KP091,DKOJIM_04278,SAMEA114126233,ERR11752315
KP093 (SAMEA114126234),KP093,PPCFIM_00318,SAMEA114126234,ERR11752364
KP095 (SAMEA114126235),KP095,LPOFAP_00311,SAMEA114126235,ERR11752327
KP099 (SAMEA114126237),KP099,GBNDEA_00960,SAMEA114126237,ERR11752369
KP09_S (SAMEA114126245),KP09_S,OOJEJA_00112,SAMEA114126245,ERR11752321
KP12_S (SAMEA114126248),KP12_S,BLADLF_00177,SAMEA114126248,ERR11752322
KP15_S (SAMEA114126251),KP15_S,DNGGKO_00596,SAMEA114126251,ERR11752362
KP19_S (SAMEA114126253),KP19_S,ODAIBB_04301,SAMEA114126253,ERR11752314
KP21_S (SAMEA114126255),KP21_S,DDLIEL_00216,SAMEA114126255,ERR11752345
KP23_S (SAMEA114126257),KP23_S,BGPHDN_00814,SAMEA114126257,ERR11752356
KP24_S (SAMEA114126258),KP24_S,JLGOCM_05161,SAMEA114126258,ERR11752342
KP29_S (SAMEA114126263),KP29_S,EDMPDM_00075,SAMEA114126263,ERR11752341
KP30_S (SAMEA114126264),KP30_S,GPEOOE_00475,SAMEA114126264,ERR11752347
KP32_S (SAMEA114126265),KP32_S,BFCOBP_05209,SAMEA114126265,ERR11752367
M1107 (SAMN38154053),M1107,GDOFMJ_05089,SAMN38154053,ERR12178130
M1146 (SAMN39649412),M1146,ACDFHN_00365,SAMN39649412,ERR12529018
M120 (SAMN39649414),M120,BDBDFP_00824,SAMN39649414,ERR12528894
M1336 (SAMN39649415),M1336,IPPEHN_00736,SAMN39649415,ERR12528885
M254 (SAMN39649421),M254,FJEBAB_02758,SAMN39649421,ERR12528887
M269 (SAMN39649422),M269,EJEOLE_00592,SAMN39649422,ERR12528888
M31 (SAMN38154059),M31,KCEKIA_03897,SAMN38154059,ERR12178168
M471 (SAMN39649424),M471,BFDDKH_00178,SAMN39649424,ERR12528898
M495 (SAMN38154065),M495,GOPPCI_03098,SAMN38154065,ERR12178152
M556 (SAMN38154070),M556,FFNLKE_00618,SAMN38154070,ERR12178262
M558 (SAMN39649426),M558,DOILEP_02922,SAMN39649426,ERR12529002
M616 (SAMN38154071),M616,KEHIOH_01129,SAMN38154071,ERR12178134
M676 (SAMN38154072),M676,EJKING_03890,SAMN38154072,ERR12178173
M924 (SAMN38154080),M924,COBOEP_04522,SAMN38154080,ERR12178256
M945 (SAMN39649433),M945,BHMKAM_03262,SAMN39649433,ERR12529044
MK75 (SAMN39649434),MK75,CKNDPB_00318,SAMN39649434,ERR12528899
MKPB003 (SAMN44398876),MKPB003,KEPGOM_01227,SAMN44398876,ERR13866960
MKPB016 (SAMN44398994),MKPB016,CBKNCJ_00537,SAMN44398994,ERR13866832
MKPB019 (SAMN44398887),MKPB019,JOOMIE_03283,SAMN44398887,ERR13866949
MKPB020 (SAMN44398800),MKPB020,AMJJEG_00185,SAMN44398800,ERR13867036
MKPB034 (SAMN44398989),MKPB034,FPCPJI_01395,SAMN44398989,ERR13866837
MKPB036 (SAMN44398875),MKPB036,CLPPEA_03716,SAMN44398875,ERR13866961
MKPB039 (SAMN44398804),MKPB039,ACMDBM_00320,SAMN44398804,ERR13867031
MKPB241 (SAMN46702978),MKPB241,GEOLNK_00327,SAMN46702978,ERR14152180
MKPB245 (SAMN46702935),MKPB245,GOHLMB_00829,SAMN46702935,ERR14152234
MKPB263 (SAMN47559119),MKPB263,LOCMBE_00764,SAMN47559119,ERR14767761
MKPR004 (SAMN46703074),MKPR004,JMDJJN_01251,SAMN46703074,ERR14152068
MKPR008 (SAMN44398990),MKPR008,IPLPGD_00075,SAMN44398990,ERR13866838
MKPR010 (SAMN44399011),MKPR010,LJGOAL_01716,SAMN44399011,ERR13866815
MKPR012 (SAMN44398931),MKPR012,PILMJI_00730,SAMN44398931,ERR13866905
MKPR023 (SAMN46703067),MKPR023,EADPFD_00320,SAMN46703067,ERR14152076
MKPR024 (SAMN44398925),MKPR024,MKDPMH_01760,SAMN44398925,ERR13866911
MKPR025 (SAMN44399013),MKPR025,BFEILJ_00175,SAMN44399013,ERR13866813
MKPR026 (SAMN44398998),MKPR026,PJKCLA_01179,SAMN44398998,ERR13866828
MKPR032 (SAMN46702948),MKPR032,IHNMAL_01278,SAMN46702948,ERR14152212
MKPR033 (SAMN44398914),MKPR033,OKJFEG_01222,SAMN44398914,ERR13866922
MKPR042 (SAMN46703024),MKPR042,NCDAIB_00181,SAMN46703024,ERR14152127
MKPR214 (SAMN46703037),MKPR214,HJHBLD_00822,SAMN46703037,ERR14152110
MKPR230 (SAMN46703010),MKPR230,HGDILH_02243,SAMN46703010,ERR14152144
MKPR270 (SAMN47559134),MKPR270,AJDDGN_05162,SAMN47559134,ERR14767371
MKPR276 (SAMN47559136),MKPR276,CJIPMD_01363,SAMN47559136,ERR14767400
MKPR280 (SAMN47559137),MKPR280,AHMDDD_01127,SAMN47559137,ERR14767029
MKPR281 (SAMN47559138),MKPR281,LDFGBG_05004,SAMN47559138,ERR14767057
MKPR283 (SAMN47559139),MKPR283,FMOJDJ_01126,SAMN47559139,ERR14767048
MKPU015 (SAMN46703034),MKPU015,IEDNCN_00589,SAMN46703034,ERR14152116
MKPU019 (SAMN44398910),MKPU019,PMOGOE_00577,SAMN44398910,ERR13866926
MKPU023 (SAMN46702956),MKPU023,IPNDED_02444,SAMN46702956,ERR14152203
MKPU034 (SAMN44398906),MKPU034,KINPOM_00002,SAMN44398906,ERR13866930
MKPU048 (SAMN44398908),MKPU048,HGIFGC_03994,SAMN44398908,ERR13866928
MKPU050 (SAMN44399003),MKPU050,HFIADH_02284,SAMN44399003,ERR13866822
MKPU064 (SAMN44398920),MKPU064,JNHDIA_01538,SAMN44398920,ERR13866916
MKPU079 (SAMN44398810),MKPU079,LANPBO_00494,SAMN44398810,ERR13867026
MKPU080 (SAMN44398919),MKPU080,FCJBAH_03295,SAMN44398919,ERR13866917
MKPU093 (SAMN44398945),MKPU093,CEGADP_00328,SAMN44398945,ERR13866891
MKPU101 (SAMN44398949),MKPU101,LEIHED_00730,SAMN44398949,ERR13866888
MKPU102 (SAMN44398776),MKPU102,AEHFCG_01728,SAMN44398776,ERR13867060
MKPU112 (SAMN46703023),MKPU112,ADGECB_00536,SAMN46703023,ERR14152128
MKPU119 (SAMN44398837),MKPU119,DPJMIJ_00537,SAMN44398837,ERR13866999
MKPU130 (SAMN44398832),MKPU130,LPFOAA_00326,SAMN44398832,ERR13867004
MKPU131 (SAMN44398833),MKPU131,IGNKOL_03663,SAMN44398833,ERR13867003
MKPU143 (SAMN44398772),MKPU143,LCOHEN_03075,SAMN44398772,ERR13867064
MKPU206 (SAMN46703032),MKPU206,HHDLGI_05171,SAMN46703032,ERR14152118
MKPU208 (SAMN46703027),MKPU208,MALJDA_03001,SAMN46703027,ERR14152124
MKPU210 (SAMN46703035),MKPU210,IPLCPO_03192,SAMN46703035,ERR14152115
MKPU277 (SAMN47559154),MKPU277,NIAEDG_00272,SAMN47559154,ERR14767402
MKPU279 (SAMN47559156),MKPU279,NNKEHG_01066,SAMN47559156,ERR14767051
MKPU282 (SAMN47559157),MKPU282,BGONPL_00619,SAMN47559157,ERR14767027
N1079 (SAMN39649439),N1079,CBOOCD_02564,SAMN39649439,ERR12528959
N1101 (SAMN37449880),N1101,JMOMBJ_02564,SAMN37449880,ERR12055271
N1104 (SAMN38154082),N1104,HNLDKP_01276,SAMN38154082,ERR12178202
N1119 (SAMN38154083),N1119,KICFGP_01293,SAMN38154083,ERR12178265
N242 (SAMN38154087),N242,ODJOPA_01745,SAMN38154087,ERR12178211
N285 (SAMN38154089),N285,AJCPEH_02008,SAMN38154089,ERR12178199
N425 (SAMN39649441),N425,FCHLDD_01181,SAMN39649441,ERR12529051
N619 (SAMN39649443),N619,CLJGBC_03826,SAMN39649443,ERR12528891
N627 (SAMN39649444),N627,DHKEJH_02563,SAMN39649444,ERR12528993
N674 (SAMN39649445),N674,GKIABO_01181,SAMN39649445,ERR12528981
N78 (SAMN39649449),N78,KMFAON_01207,SAMN39649449,ERR12528939
N81 (SAMN39649450),N81,KOPABN_01576,SAMN39649450,ERR12529014
N987 (SAMN39649458),N987,KGOICF_01828,SAMN39649458,ERR12528923
Q103 (SAMN37449894),Q103,OBMECC_02729,SAMN37449894,ERR12055283
Q104 (SAMN39649460),Q104,DLHIPC_03096,SAMN39649460,ERR12529053
Q136 (SAMN37449897),Q136,GCMFDE_00452,SAMN37449897,ERR12055262
Q137 (SAMN37449898),Q137,GLEJAC_02681,SAMN37449898,ERR12055274
Q160 (SAMN39649462),Q160,BGJJHJ_03053,SAMN39649462,ERR12529033
Q161 (SAMN39649463),Q161,MEAJNG_02611,SAMN39649463,ERR12529032
Q204 (SAMN37449901),Q204,HNGFCD_02200,SAMN37449901,ERR12055259
Q213 (SAMN38154099),Q213,DBFKOF_02111,SAMN38154099,ERR12178167
Q35 (SAMN39649467),Q35,JFBDOC_05055,SAMN39649467,ERR12529015
Q64 (SAMN39649468),Q64,BJOPLE_02566,SAMN39649468,ERR12528948
Q97 (SAMN37449903),Q97,AFIGKI_03121,SAMN37449903,ERR12055289
QF22 (NA),QF22,EPFOFA_05376,,
QF24 (NA),QF24,OADLII_02592,,
QF40 (NA),QF40,EFLAJF_00569,,
R1032 (SAMN39649475),R1032,CMKJGB_01075,SAMN39649475,ERR12529016
R1072 (SAMN39649476),R1072,KFLEAO_01907,SAMN39649476,ERR12528946
R1076 (SAMN39649477),R1076,HFPBNN_01544,SAMN39649477,ERR12529027
R1160 (SAMN38154103),R1160,DGNMIG_00012,SAMN38154103,ERR12178125
R1161 (SAMN38154104),R1161,PPEOAH_00315,SAMN38154104,ERR12178200
R1165 (SAMN38154105),R1165,ACHMBI_01458,SAMN38154105,ERR12178205
R123 (SAMN37449908),R123,JEDKOJ_00999,SAMN37449908,ERR12055253
R1296 (SAMN38154107),R1296,KCHKKB_01068,SAMN38154107,ERR12178254
R1298 (SAMN37449910),R1298,OKNDDK_00933,SAMN37449910,ERR12055297
R1300 (SAMN37449911),R1300,JDDACK_00314,SAMN37449911,ERR12055298
R1356 (SAMN38154111),R1356,PLKIHG_02609,SAMN38154111,ERR12178273
R1369 (SAMN38154112),R1369,ACHJMO_05133,SAMN38154112,ERR12178243
R186 (SAMN38154114),R186,LLHOJA_00325,SAMN38154114,ERR12178129
R224 (SAMN39649480),R224,LAOOBB_01827,SAMN39649480,ERR12529021
R234 (SAMN39649481),R234,LGOBFL_02137,SAMN39649481,ERR12528915
R238 (SAMN37449913),R238,JKDCLJ_01082,SAMN37449913,ERR12055260
R273 (SAMN39649485),R273,KCGLLI_02138,SAMN39649485,ERR12529035
R276 (SAMN39649487),R276,CLKDGN_01853,SAMN39649487,ERR12528935
R292 (SAMN39649490),R292,PMKFKK_01189,SAMN39649490,ERR12528929
R311 (SAMN38154118),R311,FPBMHP_02221,SAMN38154118,ERR12178255
R348 (SAMN38154123),R348,DJKPHB_04337,SAMN38154123,ERR12178269
R374 (SAMN38154124),R374,DAIPLA_01829,SAMN38154124,ERR12178210
R3 (SAMN38154117),R3,KGHELN_02199,SAMN38154117,ERR12178280
R409 (SAMN39649493),R409,ECMDEH_02894,SAMN39649493,ERR12528921
R55 (SAMN39649497),R55,IKKHBF_01909,SAMN39649497,ERR12528942
R567 (NA),R567,PNKOIF_02576,,
R572 (NA),R572,NEPMOK_02569,,
R58 (SAMN39649503),R58,HOMKAK_02201,SAMN39649503,ERR12528947
R596 (SAMN38154126),R596,PMNKKB_02749,SAMN38154126,ERR12178274
R69 (SAMN37449914),R69,CICHIM_01860,SAMN37449914,ERR12055256
R700 (SAMN39649506),R700,NGIKBF_03152,SAMN39649506,ERR12528944
R70 (SAMN38154128),R70,IPJECE_01930,SAMN38154128,ERR12178126
R713 (SAMN39649507),R713,JMADLH_02566,SAMN39649507,ERR12529005
R860 (SAMN38154129),R860,KKDHHK_01115,SAMN38154129,ERR12178250
RKPB001 (SAMN43336565),RKPB001,FGDMPN_04130,SAMN43336565,ERR13488781
RKPB004 (SAMN41567105),RKPB004,LCKGMA_02101,SAMN41567105,ERR13104284
RKPB006 (SAMN43336567),RKPB006,FCDKFC_00318,SAMN43336567,ERR13488771
RKPB007 (SAMN41567106),RKPB007,IMOEOI_01705,SAMN41567106,ERR13104300
RKPB011 (SAMN43336568),RKPB011,OIGNFG_02068,SAMN43336568,ERR13488768
RKPB017 (SAMN41567371),RKPB017,PAADNM_03655,SAMN41567371,ERR13167900
RKPB022 (SAMN41567110),RKPB022,BBPHMD_04043;BBPHMD_04042,SAMN41567110,ERR13104220
RKPB026 (SAMN43336571),RKPB026,KLPFNE_00204,SAMN43336571,ERR13488759
RKPB036 (SAMN41567119),RKPB036,OBDFOO_01481,SAMN41567119,ERR13104297
RKPB037 (SAMN41567120),RKPB037,NKKDMJ_00599,SAMN41567120,ERR13104205
RKPB038 (SAMN43336574),RKPB038,FGEGNL_02172,SAMN43336574,ERR13488789
RKPB045 (SAMN43336576),RKPB045,KLCAGE_04482,SAMN43336576,ERR13488753
RKPB046 (SAMN41567124),RKPB046,KDOFGD_00325,SAMN41567124,ERR13104253
RKPB049 (SAMN41567126),RKPB049,GEHBFM_00770,SAMN41567126,ERR13104206
RKPB050 (SAMN41567127),RKPB050,NDCFKN_01241,SAMN41567127,ERR13104188
RKPB051 (SAMN43336577),RKPB051,CDEJKE_01101,SAMN43336577,ERR13488792
RKPB053 (SAMN43336578),RKPB053,IMDGJD_04122,SAMN43336578,ERR13488775
RKPB054 (SAMN41567129),RKPB054,EHEHPG_03838,SAMN41567129,ERR13104298
RKPB055 (SAMN41567372),RKPB055,DHJDNM_04391,SAMN41567372,ERR13167910
RKPB056 (SAMN41567130),RKPB056,HFLMIL_01257,SAMN41567130,ERR13104267
RKPB057 (SAMN41567131),RKPB057,JFIGJF_03976,SAMN41567131,ERR13104218
RKPB061 (SAMN43336579),RKPB061,GFBGKB_00283,SAMN43336579,ERR13488774
RKPB067 (SAMN41567373),RKPB067,AGOGGG_00481,SAMN41567373,ERR13168091
RKPB072 (SAMN43336580),RKPB072,LJKIBB_02295,SAMN43336580,ERR13488770
RKPB075 (SAMN43336581),RKPB075,NLHKJF_00517,SAMN43336581,ERR13488803
RKPB076 (SAMN41567374),RKPB076,JDLCIO_02536,SAMN41567374,ERR13168056
RKPB080 (SAMN43336584),RKPB080,PPMKPL_00166,SAMN43336584,ERR13488761
RKPB082 (SAMN43336586),RKPB082,NJCJCA_01916,SAMN43336586,ERR13488760
RKPB084 (SAMN41567139),RKPB084,HLIAIC_00529,SAMN41567139,ERR13104181
RKPB086 (SAMN43336588),RKPB086,KIBKJM_01090,SAMN43336588,ERR13488798
RKPB089 (SAMN43336590),RKPB089,HHEHKA_01897,SAMN43336590,ERR13488808
RKPB090 (SAMN43336591),RKPB090,EFLENB_01582,SAMN43336591,ERR13488786
RKPB095 (SAMN43336594),RKPB095,BCJKNC_02288,SAMN43336594,ERR13488819
RKPB099 (SAMN43336596),RKPB099,MKNECD_00320,SAMN43336596,ERR13488758
RKPB103 (SAMN44398831),RKPB103,CCHHKC_01364,SAMN44398831,ERR13867005
RKPB107 (SAMN43336600),RKPB107,MHOJIL_02843,SAMN43336600,ERR13488767
RKPB109 (SAMN41567145),RKPB109,INPKNE_01903,SAMN41567145,ERR13104183
RKPB110 (SAMN43336601),RKPB110,IBPANI_01262,SAMN43336601,ERR13488814
RKPB111 (SAMN43336602),RKPB111,ADEJCM_00559,SAMN43336602,ERR13488769
RKPB113 (SAMN43336603),RKPB113,BHIBKH_01260,SAMN43336603,ERR13488784
RKPB118 (SAMN41567147),RKPB118,DBPLJF_00357,SAMN41567147,ERR13104191
RKPB120 (SAMN41567148),RKPB120,ECPHFO_01118,SAMN41567148,ERR13104184
RKPB121 (SAMN43336608),RKPB121,AKJGGD_01800,SAMN43336608,ERR13488783
RKPB123 (SAMN43336610),RKPB123,CELKPL_01645,SAMN43336610,ERR13488800
RKPB124 (SAMN41567149),RKPB124,KPBCIG_01279,SAMN41567149,ERR13104195
RKPB125 (SAMN41567150),RKPB125,ANKHLI_03670,SAMN41567150,ERR13104260
RKPB126 (SAMN43336611),RKPB126,LADNIC_01509,SAMN43336611,ERR13488806
RKPB130 (SAMN43336614),RKPB130,HJDKDC_00317,SAMN43336614,ERR13488765
RKPB133 (SAMN43336615),RKPB133,NKOFJM_02085,SAMN43336615,ERR13488815
RKPB135 (SAMN41567153),RKPB135,PEBJMN_00307,SAMN41567153,ERR13104275
RKPB137 (SAMN43336616),RKPB137,AOPKFB_05086,SAMN43336616,ERR13488801
RKPB138 (SAMN43336617),RKPB138,JNAEIO_00561,SAMN43336617,ERR13488797
RKPB140 (SAMN43336618),RKPB140,HHCMCJ_02701,SAMN43336618,ERR13488807
RKPB146 (SAMN43336620),RKPB146,HIHFFA_03553,SAMN43336620,ERR13488791
RKPB152 (SAMN41567156),RKPB152,FJAKKJ_00210,SAMN41567156,ERR13104192
RKPB155 (SAMN43336623),RKPB155,KHMMJC_01211,SAMN43336623,ERR13488755
RKPB157 (SAMN43336625),RKPB157,HLPFEF_04413,SAMN43336625,ERR13488811
RKPB163 (SAMN43336627),RKPB163,MEGGCB_00075,SAMN43336627,ERR13488799
RKPB164 (SAMN44398822),RKPB164,JBNAOF_00598,SAMN44398822,ERR13867014
RKPB166 (SAMN44398829),RKPB166,OMDAFI_02790,SAMN44398829,ERR13867006
RKPB167 (SAMN41567161),RKPB167,FGOPLD_00002,SAMN41567161,ERR13104210
RKPB169 (SAMN43336628),RKPB169,OOFMOD_02344,SAMN43336628,ERR13488816
RKPB170 (SAMN43336629),RKPB170,DNLONJ_02060,SAMN43336629,ERR13488766
RKPB174 (SAMN41567164),RKPB174,HDJENA_00206,SAMN41567164,ERR13104254
RKPB177 (SAMN41567166),RKPB177,JIJGPP_04327,SAMN41567166,ERR13104199
RKPB178 (SAMN41567167),RKPB178,IGMDDO_00293,SAMN41567167,ERR13104269
RKPB180 (SAMN41567169),RKPB180,FDBHFL_04347,SAMN41567169,ERR13104196
RKPB181 (SAMN41567170),RKPB181,MIPCPB_00401,SAMN41567170,ERR13104209
RKPB184 (SAMN41567173),RKPB184,NMKFHH_04576,SAMN41567173,ERR13104162
RKPB187 (SAMN41567174),RKPB187,BKEBHG_00847,SAMN41567174,ERR13104153
RKPB189 (SAMN41567176),RKPB189,HLEIJF_00840,SAMN41567176,ERR13104246
RKPB193 (SAMN41567177),RKPB193,LJNBDB_04403,SAMN41567177,ERR13104186
RKPB194 (SAMN41567178),RKPB194,KGKLEF_01512,SAMN41567178,ERR13104171
RKPB195 (SAMN41567179),RKPB195,AOBLJI_02555,SAMN41567179,ERR13104237
RKPB202 (SAMN41567181),RKPB202,ICEMDN_01080,SAMN41567181,ERR13104159
RKPB203 (SAMN41567182),RKPB203,ECDGMC_02574,SAMN41567182,ERR13104291
RKPB204 (SAMN41567183),RKPB204,NKDBLD_00344,SAMN41567183,ERR13104235
RKPB206 (SAMN43336630),RKPB206,DKIMFM_04053,SAMN43336630,ERR13488785
RKPB207 (SAMN41567185),RKPB207,LKBPGF_01641,SAMN41567185,ERR13104228
RKPB209 (SAMN41567186),RKPB209,KFHBIN_00567,SAMN41567186,ERR13104243
RKPB211 (SAMN41567187),RKPB211,DIDKEA_00367,SAMN41567187,ERR13104154
RKPB214 (SAMN41567188),RKPB214,NNJOLO_01642,SAMN41567188,ERR13104289
RKPB215 (SAMN41567189),RKPB215,JLHEHH_00170,SAMN41567189,ERR13104176
RKPB217 (SAMN41567190),RKPB217,CKEECB_00261,SAMN41567190,ERR13104157
RKPB218 (SAMN41567377),RKPB218,CNAHKE_01300,SAMN41567377,ERR13168421
RKPB219 (SAMN41567191),RKPB219,BGACMB_00690,SAMN41567191,ERR13104290
RKPB220 (SAMN41567192),RKPB220,LMJPND_04450,SAMN41567192,ERR13104232
RKPB229 (SAMN44398775),RKPB229,NBFFCC_00804,SAMN44398775,ERR13867061
RKPB230 (SAMN43336632),RKPB230,DMHHBP_01885,SAMN43336632,ERR13488748
RKPB255 (SAMN41567197),RKPB255,GCFIPP_00690,SAMN41567197,ERR13104255
RKPB258 (SAMN41567200),RKPB258,MBINNB_00566,SAMN41567200,ERR13104227
RKPB259 (SAMN41567201),RKPB259,PCLHLB_00585,SAMN41567201,ERR13104161
RKPB279 (SAMN41567202),RKPB279,ONFKJB_02393,SAMN41567202,ERR13104245
RKPB280 (SAMN41567203),RKPB280,KOCABK_02264,SAMN41567203,ERR13104225
RKPB282 (SAMN41567378),RKPB282,BEIJBG_01458,SAMN41567378,ERR13167927
RKPB283 (SAMN41567379),RKPB283,KAOIDF_01050,SAMN41567379,ERR13167902
RKPB286 (SAMN41567204),RKPB286,LECIEI_01010,SAMN41567204,ERR13104175
RKPB289 (SAMN44398827),RKPB289,AMIOLN_05284,SAMN44398827,ERR13867010
RKPB291 (SAMN44398821),RKPB291,HJJMAH_00362,SAMN44398821,ERR13867015
RKPB292 (SAMN41567206),RKPB292,DOLIPB_02317,SAMN41567206,ERR13104239
RKPB295 (SAMN41567382),RKPB295,FDIINF_03235,SAMN41567382,ERR13168055
RKPB303 (SAMN41567385),RKPB303,KBJAOK_00310,SAMN41567385,ERR13167909
RKPB305 (SAMN41567386),RKPB305,DBIHEB_03975,SAMN41567386,ERR13167780
RKPB307 (SAMN41567211),RKPB307,OBOPJF_04536,SAMN41567211,ERR13104170
RKPB309 (SAMN41567387),RKPB309,HPMAPH_00838,SAMN41567387,ERR13168021
RKPB312 (SAMN41567390),RKPB312,DANEJO_00292,SAMN41567390,ERR13167779
RKPB316 (SAMN41567393),RKPB316,AOLLCG_01243,SAMN41567393,ERR13168046
RKPB317 (SAMN41567213),RKPB317,OEMBIA_01047,SAMN41567213,ERR13104165
RKPB318 (SAMN41567394),RKPB318,HHOLFM_00204,SAMN41567394,ERR13168006
RKPB320 (SAMN41567214),RKPB320,CENJNC_00568,SAMN41567214,ERR13104177
RKPB321 (SAMN44398783),RKPB321,FFMIIP_00002,SAMN44398783,ERR13867053
RKPB322 (SAMN41567396),RKPB322,PKEAGJ_00305,SAMN41567396,ERR13167769
RKPB324 (SAMN41567215),RKPB324,OBCPNL_02256,SAMN41567215,ERR13104174
RKPB326 (SAMN41567216),RKPB326,AIPLPP_02532,SAMN41567216,ERR13104158
RKPB401 (SAMN41567401),RKPB401,BHNFIL_03851,SAMN41567401,ERR13167786
RKPB406 (SAMN41567404),RKPB406,APELAD_00613,SAMN41567404,ERR13167757
RKPB408 (SAMN41567406),RKPB408,IJACMP_01077,SAMN41567406,ERR13167932
RKPB409 (SAMN41567407),RKPB409,AHIKAG_02596,SAMN41567407,ERR13168126
RKPB410 (SAMN41567408),RKPB410,EPOIGD_00517,SAMN41567408,ERR13167937
RKPB412 (SAMN41567410),RKPB412,FCJBDD_00804,SAMN41567410,ERR13167762
RKPB416 (SAMN41567414),RKPB416,AAHCFG_00568,SAMN41567414,ERR13167941
RKPB418 (SAMN41567416),RKPB418,HMBPIE_03838,SAMN41567416,ERR13168102
RKPB422 (SAMN41567420),RKPB422,BICDNB_03383,SAMN41567420,ERR13167638
RKPB423 (SAMN41567421),RKPB423,FMBNFA_02619,SAMN41567421,ERR13168130
RKPB426 (SAMN41567423),RKPB426,KFAEMN_00142,SAMN41567423,ERR13167950
RKPB431 (SAMN41567427),RKPB431,KJIOON_00317,SAMN41567427,ERR13168032
RKPB436 (SAMN41567431),RKPB436,OABKIN_02803,SAMN41567431,ERR13167694
RKPB437 (SAMN41567432),RKPB437,LCMGHE_02180,SAMN41567432,ERR13167772
RKPB439 (SAMN41567434),RKPB439,KNLEPH_02530,SAMN41567434,ERR13167641
RKPB442 (SAMN41567435),RKPB442,DIEBGH_00926,SAMN41567435,ERR13167631
RKPB444 (SAMN41567437),RKPB444,GGCPDN_00003,SAMN41567437,ERR13167926
RKPB446 (SAMN41567438),RKPB446,AKICDC_00931,SAMN41567438,ERR13167699
RKPB447 (SAMN41567439),RKPB447,CMODBI_00426,SAMN41567439,ERR13167643
RKPB450 (SAMN41567441),RKPB450,ABLKLF_00313,SAMN41567441,ERR13167930
RKPB451 (SAMN41567442),RKPB451,IOBIAE_01559,SAMN41567442,ERR13168094
RKPB453 (SAMN41567444),RKPB453,ODJLJD_00359,SAMN41567444,ERR13167933
RKPB456 (SAMN41567445),RKPB456,JMOKGD_04611,SAMN41567445,ERR13167758
RKPB457 (SAMN41567446),RKPB457,FCONMK_04153,SAMN41567446,ERR13167754
RKPB459 (SAMN41567448),RKPB459,JMINPJ_03225,SAMN41567448,ERR13167636
RKPB461 (SAMN41567450),RKPB461,BAFHGC_00693,SAMN41567450,ERR13167634
RKPB463 (SAMN41567451),RKPB463,MDFDNO_00527,SAMN41567451,ERR13167934
RKPB465 (SAMN41567453),RKPB465,BCBOBK_01653,SAMN41567453,ERR13167635
RKPB467 (SAMN41567455),RKPB467,ANMODO_02497,SAMN41567455,ERR13167632
RKPB511 (SAMN41567457),RKPB511,ALMOFK_01728,SAMN41567457,ERR13168054
RKPB513 (SAMN41567459),RKPB513,KLGEMN_01218,SAMN41567459,ERR13167962
RKPB524 (SAMN46702962),RKPB524,BPLJNK_02050,SAMN46702962,ERR14152196
RKPB535 (SAMN46703016),RKPB535,FCHNLE_01889,SAMN46703016,ERR14152136
RKPB558 (SAMN46703014),RKPB558,CLGLKE_00118,SAMN46703014,ERR14152138
RKPB560 (SAMN46702934),RKPB560,HLDCAM_00819,SAMN46702934,ERR14152237
RKPB566 (SAMN47559175),RKPB566,JCCLOD_02137,SAMN47559175,ERR14783918
RKPB805 (SAMN41567461),RKPB805,POAGIA_00548,SAMN41567461,ERR13168142
RKPB806 (SAMN41567462),RKPB806,JFDHBO_00204,SAMN41567462,ERR13168017
RKPB807 (SAMN41567219),RKPB807,NJBCLE_02845,SAMN41567219,ERR13104251
RKPB808 (SAMN41567220),RKPB808,KBFALB_01363,SAMN41567220,ERR13104156
RKPB811 (SAMN41567221),RKPB811,HJLLAP_01266,SAMN41567221,ERR13104287
RKPB814 (SAMN41567463),RKPB814,EMOIHB_03753,SAMN41567463,ERR13168005
RKPB816 (SAMN41567223),RKPB816,OLKEDM_01633,SAMN41567223,ERR13104234
RKPB817 (SAMN41567224),RKPB817,EMCDJB_00550,SAMN41567224,ERR13104166
RKPB842 (SAMN41567225),RKPB842,AIFMFD_02906,SAMN41567225,ERR13104229
RKPB863 (SAMN41567470),RKPB863,OFPMDI_02114,SAMN41567470,ERR13168011
RKPB866 (SAMN41567228),RKPB866,AAPGBH_03130,SAMN41567228,ERR13104152
RKPB867 (SAMN41567471),RKPB867,DCIILK_01012,SAMN41567471,ERR13168015
RKPB876 (SAMN41567230),RKPB876,GJJKDP_05331,SAMN41567230,ERR13104242
RKPB877 (SAMN41567231),RKPB877,MLIAHB_01829,SAMN41567231,ERR13104230
RKPB878 (SAMN41567232),RKPB878,INOIHF_00588,SAMN41567232,ERR13104147
RKPB879 (SAMN41567233),RKPB879,KBEIOE_03531,SAMN41567233,ERR13104280
RKPB880 (SAMN41567234),RKPB880,PADFME_02120,SAMN41567234,ERR13104217
RKPB914 (SAMN41567474),RKPB914,LLDHBE_00377,SAMN41567474,ERR13167756
RKPB960 (SAMN41567476),RKPB960,KNEJGE_01558,SAMN41567476,ERR13170928
RKPB961 (SAMN41567477),RKPB961,OPDHDM_00304,SAMN41567477,ERR13167905
RKPB962 (SAMN41567478),RKPB962,ABOJMF_00305,SAMN41567478,ERR13167955
RKPB966 (SAMN41567479),RKPB966,HGHNBA_02195,SAMN41567479,ERR13167777
RKPB991 (SAMN41567480),RKPB991,CDOCED_02613,SAMN41567480,ERR13167957
RKPR001 (SAMN44398823),RKPR001,NGKABK_01215,SAMN44398823,ERR13867013
RKPR003 (SAMN44398840),RKPR003,DEOLMC_03149,SAMN44398840,ERR13866996
RKPR006 (SAMN44398784),RKPR006,ODNLMD_02172,SAMN44398784,ERR13867052
RKPR009 (SAMN44398947),RKPR009,HNHFJO_00842,SAMN44398947,ERR13866887
RKPR010 (SAMN44398944),RKPR010,JNGGPC_00352,SAMN44398944,ERR13866892
RKPR012 (SAMN46702975),RKPR012,BJILMD_04571,SAMN46702975,ERR14152183
RKPR018 (SAMN44398826),RKPR018,AKADBM_01719,SAMN44398826,ERR13867011
RKPR019 (SAMN44398941),RKPR019,BMJBIH_00648,SAMN44398941,ERR13866895
RKPR024 (SAMN44398951),RKPR024,PEEIKA_00196,SAMN44398951,ERR13866885
RKPR025 (SAMN44398943),RKPR025,ADCCGJ_00577,SAMN44398943,ERR13866893
RKPR026 (SAMN44398791),RKPR026,KJJHNL_01768,SAMN44398791,ERR13867046
RKPR027 (SAMN44398846),RKPR027,NGOHDN_01080,SAMN44398846,ERR13866990
RKPR035 (SAMN44398955),RKPR035,IDNKFE_01772,SAMN44398955,ERR13866881
RKPR041 (SAMN44398869),RKPR041,EKFKGC_01632,SAMN44398869,ERR13866967
RKPR043 (SAMN44398860),RKPR043,OBHKJF_01112,SAMN44398860,ERR13866977
RKPR049 (SAMN44398844),RKPR049,DOFOPL_01292,SAMN44398844,ERR13866992
RKPR050 (SAMN44398967),RKPR050,GLEGIM_01035,SAMN44398967,ERR13866861
RKPR051 (SAMN44398964),RKPR051,PJGOCL_04132,SAMN44398964,ERR13866863
RKPR052 (SAMN44398962),RKPR052,KLEBKC_00293,SAMN44398962,ERR13866866
RKPR054 (SAMN44398863),RKPR054,ALDCOK_01088,SAMN44398863,ERR13866973
RKPR055 (SAMN44398960),RKPR055,EBGABP_00002,SAMN44398960,ERR13866864
RKPR058 (SAMN44398872),RKPR058,HGBBKD_02321,SAMN44398872,ERR13866964
RKPR063 (SAMN44398868),RKPR063,CMGNAH_02109,SAMN44398868,ERR13866968
RKPR072 (SAMN44398792),RKPR072,NCNLKN_00321,SAMN44398792,ERR13867044
RKPR075 (SAMN44398864),RKPR075,OAOJHM_05558,SAMN44398864,ERR13866972
RKPR089 (SAMN44398917),RKPR089,AHKEPO_00205,SAMN44398917,ERR13866919
RKPR126 (SAMN46702936),RKPR126,LJCNIG_04613,SAMN46702936,ERR14152232
RKPR127 (SAMN46702982),RKPR127,ECNIIG_01792,SAMN46702982,ERR14152175
RKPR128 (SAMN46702941),RKPR128,NPOFFE_04018,SAMN46702941,ERR14152224
RKPR131 (SAMN46702928),RKPR131,PCFFGC_02181,SAMN46702928,ERR14152258
RKPR133 (SAMN46702979),RKPR133,FENBNC_01013,SAMN46702979,ERR14152179
RKPR135 (SAMN46702977),RKPR135,DEBONG_01112,SAMN46702977,ERR14152181
RKPR137 (SAMN46702981),RKPR137,KOEFNO_01380,SAMN46702981,ERR14152176
RKPR138 (SAMN46702939),RKPR138,MNKJOD_01856,SAMN46702939,ERR14152228
RKPR139 (SAMN46702927),RKPR139,FPNGON_01298,SAMN46702927,ERR14152264
RKPU020 (SAMN44398995),RKPU020,KJKPNN_01281,SAMN44398995,ERR13866831
RKPU083 (SAMN44398918),RKPU083,LMFBHH_00858,SAMN44398918,ERR13866918
RKPU086 (SAMN46702945),RKPU086,KBDGEI_03003,SAMN46702945,ERR14152216
RKPU087 (SAMN44399002),RKPU087,CKBIPK_01834,SAMN44399002,ERR13866825
RKPU105 (SAMN46702950),RKPU105,BKKFHE_01969,SAMN46702950,ERR14152209
RKPU132 (SAMN44399008),RKPU132,NBKEAJ_00292,SAMN44399008,ERR13866816
RKPU141 (SAMN44398935),RKPU141,AFGLKM_00767,SAMN44398935,ERR13866900
RKPU142 (SAMN46702994),RKPU142,MPJFNB_00316,SAMN46702994,ERR14152161
RKPU156 (SAMN44398815),RKPU156,KDBLGP_01745,SAMN44398815,ERR13867021
RKPU161 (SAMN44399010),RKPU161,IGDMON_00364,SAMN44399010,ERR13866818
RKPU162 (SAMN44398811),RKPU162,CMBDEB_00858,SAMN44398811,ERR13867025
RKPU166 (SAMN44399004),RKPU166,LFNPPF_01549,SAMN44399004,ERR13866820
RKPU176 (SAMN44398938),RKPU176,KIFMHI_05393,SAMN44398938,ERR13866899
RKPU181 (SAMN44398936),RKPU181,BKMDDO_00319,SAMN44398936,ERR13866901
RKPU185 (SAMN46702947),RKPU185,AMHBNB_04710,SAMN46702947,ERR14152214
RKPU187 (SAMN44398929),RKPU187,KCKNDG_00314,SAMN44398929,ERR13866907
RKPU206 (SAMN44398933),RKPU206,NOGIOB_01112,SAMN44398933,ERR13866903
S120 (SAMN39649509),S120,EBNHDM_03569,SAMN39649509,ERR12529026
S131 (SAMN39649511),S131,NGKOOI_01330,SAMN39649511,ERR12529025
S151 (SAMN39649512),S151,KIMAAP_04027,SAMN39649512,ERR12529036
S156 (SAMN39649513),S156,BGLDMF_00875,SAMN39649513,ERR12528955
S54 (SAMN38154137),S54,NNFLOL_02016,SAMN38154137,ERR12178247
T157 (SAMN39649516),T157,LKKPHB_05126,SAMN39649516,ERR12528901
T197 (SAMN37449919),T197,MOBPDB_00567,SAMN37449919,ERR12055291
T39 (SAMN38154139),T39,AFDPOK_01022,SAMN38154139,ERR12178156
T4 (SAMN39649517),T4,KCCLJH_01407,SAMN39649517,ERR12528918
TK102 (SAMN39649519),TK102,ADMFCH_01029,SAMN39649519,ERR12528886
TK115 (SAMN39649520),TK115,BBHPJK_02236,SAMN39649520,ERR12528912
TK119 (SAMN38154141),TK119,IKCEIE_05140,SAMN38154141,ERR12178179
TK122 (SAMN39649521),TK122,ACMJIH_05133,SAMN39649521,ERR12529040
TK149 (SAMN38154142),TK149,NIGPJL_01833,SAMN38154142,ERR12178276
TK35 (SAMN39649522),TK35,HOMLLG_00750,SAMN39649522,ERR12528960
TK3 (SAMN37449927),TK3,DANNLA_04728,SAMN37449927,ERR12055250
TK88 (SAMN39649523),TK88,MJLHJJ_00518,SAMN39649523,ERR12528961
TK93 (SAMN39649524),TK93,ACCLDA_01457,SAMN39649524,ERR12528957
TK9 (SAMN38154143),TK9,LPJJNI_01937,SAMN38154143,ERR12178281
